Name,2025_09_10 17_00_14_R6G-Al_E1s.csv
Date,2025/09/10 17:00:14
Tag,R6G/Al_E1s
Comment,
Peak raman shift[cm-1],94.5362148926924
Integration[ms],1000
Averaging,10
Measure data Count,1
Source wave length,785
Calibrate value 0,788.3763138
Calibrate value 1,0.178372696
Calibrate value 2,-2.251874586E-05
Calibrate value 3,-1.73193709E-09
Calibrate value 4,4.815502996E-13
Calibrate value 5,-1.854087204E-17
Sensor pixel num,2048
Count monitor raman shift,0
Count monitor value,0
Dark name,
Ramanshift[cm-1],1
57.4244826718041,4654
60.2913132834474,4910.1
63.1561240406372,4779.8
66.0189166365999,4800.1
68.8796927626663,4818.9
71.7384541082974,5384
74.5952023610553,5200.7
77.4499392066464,5579.5
80.3026663288856,7391.8
83.1533854097288,13692
86.0020981292491,25920.3
88.8488061656626,39885.9
91.6935111953135,48422.2
94.5362148926924,53309
97.3769189304221,49900.6
100.215624979275,45099.1
103.052334708163,41436.2
105.887049784154,35703.3
108.719771872458,31359.2
111.550502636441,28262.6
114.379243737625,24299.7
117.205996835697,21880.3
120.030763588493,19982.5
122.853545652024,18511
125.674344680454,17208
128.493162326125,16437.8
131.310000239551,15625.5
134.124860069407,15419
136.937743462557,14894.2
139.748652064041,14910.2
142.557587517069,14726.9
145.36455146305,14495.8
148.169545541565,14489.6
150.972571390388,14461.7
153.77363064549,14611.8
156.572724941027,14442.3
159.369855909354,14428
162.165025181019,14451.8
164.95823438478,14522
167.749485147589,14409
170.538779094608,14459.2
173.326117849205,14350.8
176.111503032958,14403.7
178.89493626566,14245.2
181.676419165316,14142.7
184.45595334815,14142.9
187.233540428604,14034.9
190.00918201935,14174.1
192.78287973127,14156.2
195.554635173488,14038.3
198.324449953352,13893.9
201.092325676438,14123.1
203.85826394656,13801
206.622266365768,13864.3
209.384334534354,13920.8
212.144470050845,13798
214.902674512021,13957.2
217.658949512901,14113.4
220.41329664675,13982.5
223.165717505095,13906
225.916213677707,13770.2
228.664786752615,13962.6
231.41143831611,13930.8
234.156169952739,13953.8
236.89898324531,13966
239.639879774904,13925.9
242.378861120864,13845.8
245.115928860798,13713.4
247.851084570593,13760
250.584329824414,13685.1
253.315666194694,13903.1
256.045095252153,14089.3
258.772618565781,13472.4
261.498237702866,13574.5
264.221954228971,13440.6
266.943769707952,13611.8
269.66368570196,13447.6
272.381703771429,13436.8
275.097825475095,13151.6
277.812052369993,13252.9
280.52438601145,13082.8
283.234827953103,13101.4
285.94337974689,13242
288.650042943058,12974.9
291.35481909016,13136.6
294.057709735063,13088.5
296.758716422944,12984
299.457840697303,13005.2
302.155084099943,13016.8
304.850448171006,13158.7
307.543934448948,13138.8
310.235544470546,13181
312.925279770909,12983
315.613141883476,13140.5
318.299132340015,13030
320.983252670627,13191.6
323.665504403754,13088.8
326.345889066173,13346.7
329.024408182999,13308.1
331.701063277693,13149
334.375855872058,13075.1
337.048787486252,13256
339.719859638772,13054.8
342.389073846472,13191.9
345.056431624564,13362.2
347.721934486603,13392
350.385583944515,13459.4
353.047381508584,13439.9
355.707328687453,13476.6
358.365426988126,13608.4
361.02167791598,13588.5
363.676082974767,13824.4
366.328643666597,14066.9
368.979361491969,13755.9
371.628237949737,13947.7
374.275274537147,13965.3
376.920472749827,14119.2
379.563834081782,14061.6
382.2053600254,14052.9
384.845052071456,14219.2
387.482911709118,14180.9
390.11894042594,14346
392.753139707873,14056.6
395.38551103926,14116.6
398.016055902839,14363.3
400.64477577975,14298.8
403.27167214954,14079.7
405.896746490149,14048
408.520000277931,14101.5
411.141434987645,14054.2
413.761052092459,13753.1
416.378853063954,13670.8
418.994839372124,13560.2
421.60901248538,13677.9
424.221373870554,13856.3
426.831924992894,13546.9
429.44066731607,13443.8
432.047602302186,13472.8
434.652731411765,13534.7
437.256056103755,13318.1
439.857577835544,13389.5
442.457298062947,13367.9
445.055218240217,13356.7
447.651339820044,13463.9
450.245664253554,13491.6
452.838192990324,13293.1
455.428927478359,13310.5
458.017869164116,13393.3
460.60501949251,13407.9
463.19037990689,13459.4
465.773951849067,13247.2
468.355736759297,13397.3
470.935736076302,13407.9
473.513951237255,13301.2
476.090383677789,13265.6
478.665034832002,13387.7
481.237906132452,13323.2
483.808999010162,13370.2
486.378314894631,13638.5
488.945855213822,13462.2
491.511621394164,13749.3
494.075614860572,13758.7
496.637837036436,13566.9
499.198289343611,13726.7
501.756973202444,13707.6
504.313890031759,14018.8
506.869041248869,13953.8
509.422428269569,13895.3
511.974052508136,13918.5
514.523915377353,13912.7
517.07201828848,14037.6
519.618362651276,13818.2
522.162949873999,13925.1
524.7057813634,13963.9
527.246858524735,13851.7
529.786182761758,13751.1
532.323755476731,13816.5
534.859578070414,13839.1
537.39365194208,14090.5
539.925978489517,13938.8
542.456559109014,13956.9
544.985395195381,13954
547.512488141938,14144
550.037839340532,13731
552.561450181518,13845.4
555.083322053784,13893.7
557.60345634473,13777.5
560.121854440289,13699.8
562.638517724923,13803.6
565.153447581612,13539.6
567.666645391877,13702.2
570.178112535776,13496.5
572.687850391887,13529.8
575.195860337335,13588
577.702143747787,13758.7
580.206701997438,13417
582.709536459044,13291.5
585.210648503884,13314.4
587.710039501806,13221.7
590.207710821185,13169.3
592.703663828965,13124.2
595.197899890625,13207.4
597.690420370214,13376.6
600.181226630326,13429
602.670320032115,13474.9
605.157701935301,13753
607.643373698156,13657.1
610.127336677519,13536.8
612.609592228804,13410.5
615.09014170597,13345
617.568986461574,13404.7
620.046127846719,13165.1
622.521567211093,13275.7
624.995305902958,13294.4
627.467345269148,13193.6
629.937686655081,13352
632.406331404751,13274.6
634.873280860736,13362.8
637.338536364199,13568.6
639.802099254886,13617.8
642.263970871132,13316.5
644.724152549863,13263.1
647.182645626595,13282.9
649.639451435434,13453.4
652.094571309088,13268.2
654.548006578856,13426.5
656.999758574639,13359.8
659.449828624933,13358.8
661.898218056844,13490.5
664.34492819608,13128
666.789960366948,13219.7
669.233315892376,13397.6
671.674996093881,13211.7
674.115002291619,13715.7
676.553335804332,12915.5
678.989997949398,12883.7
681.424990042793,13191.8
683.858313399131,12934.9
686.289969331632,13029.9
688.719959152144,12962.4
691.148284171137,13241.8
693.574945697706,12744.6
695.999945039577,12806.8
698.4232835031,12631.1
700.844962393265,12906.1
703.264983013683,12605.6
705.68334666661,12406.5
708.100054652929,13254.9
710.51510827217,12624.6
712.928508822499,12535
715.340257600719,12609.2
717.750355902286,12425.5
720.158805021294,12376
722.56560625048,12510
724.970760881246,12560.3
727.374270203627,12412
729.776135506318,12452.7
732.176358076669,12349
734.574939200678,12426.5
736.971880163013,12453.5
739.367182246991,12416.8
741.760846734589,12329.4
744.152874906456,12386.6
746.543268041896,12299.9
748.932027418883,12447.5
751.319154314055,12252.7
753.70465000273,12310.6
756.08851575888,12417.2
758.470752855168,12382.1
760.851362562917,12763.8
763.230346152139,12529.1
765.60770489151,12569.1
767.983440048396,12937.2
770.357552888843,12604.5
772.730044677575,12597.8
775.100916678011,12543.4
777.470170152237,12608.2
779.837806361053,12221.1
782.203826563928,12372.4
784.568232019032,12328.1
786.931023983223,12244.5
789.292203712064,12566.7
791.651772459802,12239.1
794.009731479387,12235.7
796.366082022472,12127.7
798.720825339415,12398.3
801.073962679262,12182.8
803.425495289777,12291.1
805.77542441743,12007.8
808.123751307388,11975.3
810.470477203547,12054.4
812.815603348497,12099.2
815.159130983548,12103.6
817.501061348725,12075.7
819.84139568277,12274.2
822.18013522314,12039.4
824.517281206017,11852
826.852834866297,11936.8
829.186797437609,11954.4
831.519170152293,11906
833.84995424143,11910
836.17915093482,11908.1
838.506761460994,11860.1
840.832787047217,11843.3
843.157228919483,11827.6
845.48008830252,11769.8
847.801366419795,11778.9
850.121064493518,11656.8
852.439183744622,11621
854.755725392799,11624.5
857.07069065647,11456.7
859.38408075281,11465.1
861.695896897732,11539.8
864.006140305897,11281
866.314812190723,11330.9
868.621913764369,11519.9
870.927446237749,11316.9
873.231410820536,11355.2
875.533808721149,11222.6
877.834641146772,11292.9
880.133909303337,11400.4
882.431614395553,11335.7
884.727757626875,11337.6
887.022340199528,11333.8
889.315363314496,11323.6
891.606828171536,11282.9
893.896735969176,11264.6
896.185087904702,11087.3
898.47188517418,11317
900.757128972442,11136.8
903.040820493103,11178.6
905.322960928543,11240.2
907.603551469925,11157.1
909.882593307193,11256.2
912.160087629067,11287.9
914.436035623054,11071.8
916.710438475435,11091
918.983297371284,11111.4
921.254613494462,11169.6
923.524388027614,11379.9
925.792622152176,11170.9
928.059317048375,11228.9
930.324473895233,11338.4
932.588093870558,11371
934.850178150966,11706.3
937.110727911862,11097.8
939.369744327454,11062.5
941.62722857074,11269.8
943.883181813542,11158.1
946.137605226457,11429.4
948.390499978908,11221.9
950.641867239117,11067.2
952.891708174115,11129.1
955.14002394974,11214.6
957.386815730641,11017.4
959.632084680283,11015.6
961.875831960941,10845.1
964.118058733709,10906.7
966.358766158499,10808.3
968.597955394031,11102.4
970.835627597859,10907.4
973.071783926347,10862.5
975.306425534689,10910.6
977.539553576895,10948.3
979.771169205813,10755.2
982.001273573116,10801
984.229867829288,10721.6
986.456953123665,10629.9
988.682530604407,10628.5
990.906601418506,10579.9
993.129166711788,10538.8
995.350227628916,10608.7
997.569785313392,10479.3
999.787840907557,10460.2
1002.00439555259,10360.9
1004.21945038851,10301.8
1006.4330065542,10451.2
1008.64506518735,10356.9
1010.85562742452,10481.3
1013.06469440113,10420.3
1015.27226725142,10341.5
1017.4783471085,10386.8
1019.68293510433,10486.3
1021.88603236971,10487.6
1024.08764003432,10380.1
1026.28775922667,10101.3
1028.48639107415,10255.4
1030.68353670299,10330
1032.8791972383,10242.2
1035.07337380403,10229.2
1037.26606752301,10224
1039.45727951694,10350.2
1041.64701090637,10136.2
1043.83526281073,10106.4
1046.0220363483,10399
1048.20733263626,10146.5
1050.39115279065,10181.2
1052.57349792636,10201.4
1054.7543691572,10427.7
1056.93376759582,10294.8
1059.11169435376,10287.1
1061.28815054144,10237.1
1063.46313726816,10159
1065.63665564211,10246.6
1067.80870677034,10178.6
1069.97929175881,10310.9
1072.14841171235,10186.6
1074.31606773468,10319.2
1076.48226092843,10217.5
1078.64699239509,10219.2
1080.81026323505,10192.3
1082.97207454761,10372.3
1085.13242743095,10135.6
1087.29132298214,10312.8
1089.44876229716,10181.4
1091.60474647088,10101.1
1093.75927659708,10181.1
1095.91235376843,10068.9
1098.06397907651,9955.1
1100.21415361181,10034.6
1102.3628784637,10062.2
1104.51015472049,10015.8
1106.65598346937,9999.5
1108.80036579647,10133.6
1110.9433027868,9988.6
1113.08479552429,9856.9
1115.2248450918,9809.4
1117.36345257109,9876
1119.50061904284,9836.4
1121.63634558665,9899.2
1123.77063328104,9955.5
1125.90348320344,9794.5
1128.03489643021,9753.1
1130.16487403663,9836.9
1132.29341709692,9734.8
1134.4205266842,9878.9
1136.54620387053,9695.5
1138.6704497269,9681
1140.79326532322,9502.4
1142.91465172836,9480.5
1145.03461001007,9485.5
1147.1531412351,9591.7
1149.27024646907,9509
1151.38592677657,9485.1
1153.50018322114,9592.9
1155.61301686523,9575.8
1157.72442877025,9617.8
1159.83441999654,9597.1
1161.94299160338,9553.9
1164.05014464901,9563.8
1166.15588019062,9705.9
1168.26019928431,9605.6
1170.36310298516,9969.1
1172.4645923472,9733.6
1174.56466842339,9559.2
1176.66333226567,9897.5
1178.76058492491,9824.4
1180.85642745094,9812.1
1182.95086089255,9682.4
1185.04388629748,9647.9
1187.13550471245,9890.8
1189.22571718311,9505.5
1191.31452475409,9566.9
1193.40192846898,9352.7
1195.48792937032,9554.7
1197.57252849964,9413.5
1199.65572689742,9470.9
1201.7375256031,9330.2
1203.81792565511,9176.9
1205.89692809083,9252.5
1207.97453394663,9225.7
1210.05074425783,9234.9
1212.12556005874,9402.1
1214.19898238265,9266.3
1216.27101226181,9356.3
1218.34165072746,9141.3
1220.41089880981,9082.3
1222.47875753805,9091.3
1224.54522794037,9036.4
1226.61031104392,9021.1
1228.67400787484,9079.2
1230.73631945826,9102.6
1232.7972468183,9074.6
1234.85679097805,9062.9
1236.91495295962,9105.5
1238.97173378407,9186.9
1241.02713447148,9201
1243.08115604092,9026.8
1245.13379951044,8914.7
1247.1850658971,8905.7
1249.23495621695,9022.9
1251.28347148504,9012.8
1253.3306127154,9103.8
1255.3763809211,8818.3
1257.42077711418,8793.5
1259.46380230568,9096.1
1261.50545750567,8943.8
1263.54574372319,8987.7
1265.58466196632,9014.5
1267.62221324214,9148.9
1269.6583985567,8967.6
1271.69321891513,9090.5
1273.7266753215,8949.3
1275.75876877894,8990
1277.78950028958,8879.5
1279.81887085455,8826.6
1281.84688147402,8695
1283.87353314717,9000.2
1285.89882687217,8833.2
1287.92276364625,8914.3
1289.94534446564,8812
1291.9665703256,8914.8
1293.9864422204,9012.2
1296.00496114336,9036.2
1298.02212808678,9257.9
1300.03794404204,9370.1
1302.05240999952,9438.8
1304.06552694861,9582.4
1306.07729587778,9340.7
1308.08771777449,9671.9
1310.09679362525,9227.7
1312.10452441559,9153.2
1314.11091113009,9232.5
1316.11595475237,9037
1318.11965626507,8746
1320.12201664987,8739.1
1322.12303688751,8733.6
1324.12271795775,8803.1
1326.12106083939,8564.8
1328.1180665103,8602.6
1330.11373594737,8757.3
1332.10807012654,8744.4
1334.10107002279,8657.6
1336.09273661017,8684.2
1338.08307086176,8773.1
1340.0720737497,8549.6
1342.05974624516,8680.1
1344.0460893184,8761.2
1346.03110393871,8794.8
1348.01479107442,8898.1
1349.99715169295,8916.5
1351.97818676075,8897.5
1353.95789724335,9037.7
1355.93628410532,9187.9
1357.9133483103,9287.3
1359.88909082099,9548.2
1361.86351259915,9349.2
1363.83661460561,9348.2
1365.80839780026,9097.3
1367.77886314206,9165.7
1369.74801158903,8678
1371.71584409827,8591
1373.68236162594,8744.6
1375.64756512727,8395
1377.61145555657,8264.6
1379.57403386722,8392.9
1381.53530101167,8496.8
1383.49525794145,8325
1385.45390560715,8307
1387.41124495847,8621.2
1389.36727694417,8226
1391.32200251207,8205.4
1393.27542260911,8149.8
1395.22753818129,8117.7
1397.17835017368,8112.7
1399.12785953046,8017.9
1401.07606719489,8085.8
1403.0229741093,8116.9
1404.96858121513,8148.1
1406.91288945288,8056.5
1408.85589976218,8109.7
1410.7976130817,8149.8
1412.73803034925,8182.6
1414.67715250171,8054.9
1416.61498047504,8071.4
1418.55151520433,7929.2
1420.48675762373,7979.9
1422.42070866653,8280.7
1424.35336926506,7900.4
1426.28474035081,8010
1428.21482285432,7984
1430.14361770528,7957.5
1432.07112583244,7906.1
1433.99734816367,7922.5
1435.92228562596,7913.9
1437.84593914537,7872.3
1439.76830964712,7844.7
1441.68939805548,7870.7
1443.60920529387,7737.5
1445.5277322848,7991.6
1447.4449799499,7910.3
1449.36094920992,7757.3
1451.2756409847,7922.9
1453.18905619322,7750.1
1455.10119575355,7729.3
1457.01206058291,7775.2
1458.9216515976,7805
1460.82996971307,7675.8
1462.73701584387,7772.4
1464.64279090368,7748.3
1466.54729580531,7676.7
1468.45053146067,7753.4
1470.35249878081,7644.7
1472.25319867591,8044.6
1474.15263205525,7777.8
1476.05079982728,7786.4
1477.94770289954,7874
1479.84334217872,7731.9
1481.73771857063,7846.1
1483.63083298022,7697.5
1485.52268631156,7651.1
1487.41327946787,7837.3
1489.30261335148,7809.6
1491.19068886389,7960.9
1493.07750690571,7863
1494.9630683767,7902
1496.84737417575,8172.5
1498.73042520089,8099.5
1500.61222234931,8371.5
1502.49276651731,8400.3
1504.37205860036,8648.9
1506.25009949305,8523
1508.12689008915,8531.9
1510.00243128154,8443.5
1511.87672396226,8340.3
1513.7497690225,8282.3
1515.6215673526,7991.8
1517.49211984206,7860.4
1519.36142737949,7906.8
1521.22949085271,7738.3
1523.09631114865,7759.5
1524.9618891534,7575.6
1526.82622575222,7661.6
1528.68932182953,7518.5
1530.55117826889,7453.4
1532.41179595301,7540.7
1534.2711757638,7504.6
1536.12931858227,7398.5
1537.98622528865,7482.4
1539.8418967623,7425.3
1541.69633388174,7418.6
1543.54953752467,7384.8
1545.40150856795,7352.8
1547.25224788761,7501.7
1549.10175635883,7338.2
1550.95003485597,7352.3
1552.79708425257,7288.3
1554.64290542132,7517
1556.48749923409,7501.5
1558.33086656193,7303.9
1560.17300827504,7275.2
1562.01392524282,7380.5
1563.85361833383,7446.1
1565.6920884158,7422.3
1567.52933635567,7203.7
1569.36536301951,7370
1571.20016927261,7336.5
1573.03375597942,7494.1
1574.86612400356,7293.7
1576.69727420786,7262
1578.52720745432,7359.5
1580.35592460411,7402.8
1582.18342651761,7128.7
1584.00971405436,7328.4
1585.83478807311,7620.3
1587.65864943179,7477.9
1589.48129898749,7304.6
1591.30273759655,7453.2
1593.12296611444,7230.2
1594.94198539585,7319.6
1596.75979629467,7174.8
1598.57639966397,7077
1600.39179635601,7138.3
1602.20598722226,7207.6
1604.01897311337,7175.6
1605.83075487921,7193.3
1607.64133336881,7180.4
1609.45070943045,7105.5
1611.25888391157,7092.5
1613.06585765882,7201.9
1614.87163151806,7182.3
1616.67620633436,6993.6
1618.47958295196,7019.5
1620.28176221434,7176.3
1622.08274496419,6946.8
1623.88253204336,6905.1
1625.68112429295,7014.9
1627.47852255325,7192
1629.27472766378,7009.5
1631.06974046324,7234.8
1632.86356178958,7061.3
1634.65619247991,7304.4
1636.4476333706,7021.8
1638.23788529721,7115
1640.02694909453,7072.6
1641.81482559655,6935.5
1643.60151563649,7147.5
1645.38702004677,7089.7
1647.17133965906,7012.3
1648.95447530422,7142.1
1650.73642781234,7036.3
1652.51719801273,7062.8
1654.29678673394,6998.6
1656.07519480372,6984.7
1657.85242304904,6808
1659.62847229613,6791.4
1661.40334337042,6748.7
1663.17703709656,6916
1664.94955429844,6772.6
1666.72089579919,6740.4
1668.49106242115,6788.8
1670.2600549859,6677.4
1672.02787431424,6739.2
1673.79452122623,6743
1675.55999654113,6749.2
1677.32430107746,6669
1679.08743565296,6601.8
1680.84940108461,6571.5
1682.61019818864,6681.6
1684.36982778049,6635.2
1686.12829067485,6614.6
1687.88558768568,6720.9
1689.64171962613,6624.5
1691.39668730863,6594
1693.15049154483,6609.6
1694.90313314564,6586.9
1696.65461292119,6643.7
1698.4049316809,6621
1700.15409023337,6633.1
1701.90208938651,6459
1703.64892994744,6769.8
1705.39461272255,6443.1
1707.13913851745,6601
1708.88250813703,6502.3
1710.62472238543,6539.5
1712.36578206601,6583.9
1714.10568798142,6347.8
1715.84444093355,6405.6
1717.58204172354,6453.2
1719.31849115178,6547
1721.05379001794,6396.9
1722.78793912093,6508
1724.52093925891,6474.7
1726.25279122932,6568.4
1727.98349582885,6580.4
1729.71305385345,6542.4
1731.44146609832,6440.5
1733.16873335796,6388.3
1734.89485642608,6429.9
1736.6198360957,6601.5
1738.34367315908,6509.6
1740.06636840775,6418.6
1741.78792263252,6314.3
1743.50833662345,6276.8
1745.22761116987,6351.9
1746.9457470604,6297.2
1748.66274508291,6364.2
1750.37860602455,6274.5
1752.09333067172,6327.4
1753.80691981013,6590.4
1755.51937422474,6323.9
1757.23069469979,6502.3
1758.94088201879,6380.1
1760.64993696454,6311.6
1762.35786031909,6219.2
1764.0646528638,6313.5
1765.77031537929,6225
1767.47484864546,6255.4
1769.1782534415,6178
1770.88053054588,6243.8
1772.58168073633,6157.9
1774.28170478989,6276.9
1775.98060348287,6209.2
1777.67837759088,6144.8
1779.37502788879,6289.9
1781.07055515077,6202.4
1782.76496015028,6210.4
1784.45824366007,6316.2
1786.15040645216,6194.2
1787.84144929788,6206.4
1789.53137296785,6203.1
1791.22017823196,6100.6
1792.90786585942,6116.7
1794.59443661871,6138.8
1796.27989127761,6353.1
1797.9642306032,6228
1799.64745536186,6123.3
1801.32956631925,6180.6
1803.01056424034,6083.7
1804.69044988938,6135.4
1806.36922402995,6461.6
1808.04688742489,6013.3
1809.72344083638,6103.4
1811.39888502588,6112.3
1813.07322075414,6100.9
1814.74644878123,6091.1
1816.41856986653,5956
1818.08958476871,6001.5
1819.75949424574,5887.1
1821.42829905491,6019.9
1823.09599995281,5976.6
1824.76259769534,5905.2
1826.42809303771,5959.1
1828.09248673443,5870.2
1829.75577953933,5980.9
1831.41797220555,5948.3
1833.07906548552,5990.6
1834.73906013102,6239.7
1836.39795689311,5979.4
1838.05575652218,5875.2
1839.71245976794,5980.1
1841.3680673794,5923.6
1843.02258010489,6040.7
1844.67599869205,5856.9
1846.32832388787,5929.9
1847.97955643863,5831.4
1849.62969708993,5844.8
1851.27874658669,5941.1
1852.92670567317,5763.9
1854.57357509293,5841.9
1856.21935558886,5819.3
1857.86404790318,5875.2
1859.50765277743,5882.6
1861.15017095246,5850.9
1862.79160316847,5967.7
1864.43195016496,5760.8
1866.07121268079,5795.5
1867.70939145413,5903
1869.34648722246,5896.4
1870.98250072262,6079.7
1872.61743269077,5870
1874.2512838624,5708.4
1875.88405497232,5690.9
1877.5157467547,5828.6
1879.14635994302,5708.7
1880.77589527009,5782.2
1882.40435346808,5691.9
1884.03173526848,5759.8
1885.65804140212,5691.7
1887.28327259915,5699
1888.9074295891,5730.7
1890.53051310078,5763.8
1892.1525238624,5717.7
1893.77346260146,5744.8
1895.39333004484,5883.6
1897.01212691872,5711
1898.62985394868,5655.6
1900.24651185958,5952.7
1901.86210137567,5753.8
1903.47662322053,5767.7
1905.09007811707,5667.6
1906.70246678758,5811
1908.31378995366,5606.9
1909.92404833628,5701.6
1911.53324265576,5652.2
1913.14137363175,5660.4
1914.74844198328,5803.8
1916.3544484287,5841.4
1917.95939368574,5726
1919.56327847145,5887.8
1921.16610350226,5681.8
1922.76786949394,5786.7
1924.36857716162,5775.6
1925.96822721979,5679.7
1927.56682038228,5691.2
1929.16435736229,5813.4
1930.76083887237,5550.5
1932.35626562444,5621
1933.95063832977,5601.1
1935.54395769898,5702.9
1937.13622444207,5898.7
1938.7274392684,5520.6
1940.31760288666,5703.7
1941.90671600494,5565.6
1943.49477933068,5709.4
1945.08179357069,5585.3
1946.66775943112,5697.9
1948.25267761752,5568.7
1949.83654883478,5616.2
1951.41937378717,5480.7
1953.00115317833,5579
1954.58188771125,5542.7
1956.16157808831,5473.2
1957.74022501126,5592.2
1959.3178291812,5567.3
1960.89439129861,5646
1962.46991206335,5440.5
1964.04439217466,5498.2
1965.61783233112,5468.1
1967.19023323072,5477.6
1968.7615955708,5607.3
1970.3319200481,5472.5
1971.90120735871,5581.4
1973.46945819811,5459
1975.03667326116,5415.7
1976.6028532421,5462.8
1978.16799883453,5433.9
1979.73211073146,5399.7
1981.29518962525,5409.7
1982.85723620766,5426.7
1984.41825116983,5440.7
1985.97823520229,5665.2
1987.53718899492,5339.7
1989.09511323702,5341.8
1990.65200861727,5409.2
1992.20787582371,5381.5
1993.7627155438,5776.6
1995.31652846436,5473.6
1996.86931527162,5428
1998.42107665117,5370.8
1999.97181328801,5379.4
2001.52152586653,5477.9
2003.0702150705,5416.3
2004.61788158309,5404.1
2006.16452608686,5419.8
2007.71014926375,5383.6
2009.25475179511,5290.9
2010.79833436167,5352.1
2012.34089764357,5351.4
2013.88244232034,5259
2015.42296907089,5443
2016.96247857354,5541
2018.50097150601,5337.4
2020.03844854542,5440.6
2021.57491036827,5316.2
2023.11035765048,5299.2
2024.64479106736,5355.6
2026.17821129361,5323.7
2027.71061900337,5378.9
2029.24201487013,5259.9
2030.77239956681,5348.6
2032.30177376575,5341.1
2033.83013813866,5245.9
2035.35749335668,5327.3
2036.88384009033,5239
2038.40917900956,5263.8
2039.93351078372,5318.7
2041.45683608156,5350.6
2042.97915557125,5347.3
2044.50046992036,5340
2046.02077979587,5331.6
2047.54008586417,5257
2049.05838879106,5239.2
2050.57568924176,5415.1
2052.09198788089,5179.6
2053.60728537249,5319.1
2055.12158238001,5305.4
2056.63487956632,5388
2058.1471775937,5178.8
2059.65847712385,5193.2
2061.16877881786,5201.1
2062.67808333629,5167.6
2064.18639133906,5249.1
2065.69370348554,5356.6
2067.20002043452,5352.6
2068.7053428442,5224.6
2070.2096713722,5258
2071.71300667556,5226.2
2073.21534941074,5172.2
2074.71670023363,5206.9
2076.21705979954,5227.6
2077.7164287632,5183.5
2079.21480777876,5247.6
2080.71219749981,5153.9
2082.20859857935,5279.2
2083.7040116698,5096.2
2085.19843742304,5177.4
2086.69187649033,5177.1
2088.18432952239,5108.1
2089.67579716937,5186.7
2091.16628008084,5301.5
2092.65577890578,5225.4
2094.14429429264,5230.4
2095.63182688926,5254.3
2097.11837734295,5249.1
2098.60394630043,5099.5
2100.08853440786,5330.2
2101.57214231082,5128.6
2103.05477065435,5318.9
2104.53642008289,5152.8
2106.01709124036,5202.1
2107.49678477007,5133.3
2108.9755013148,5172.1
2110.45324151675,5087.8
2111.93000601756,5224.9
2113.40579545833,5080.4
2114.88061047956,5125.1
2116.35445172121,5108
2117.82731982271,5105.2
2119.29921542287,5141.8
2120.77013916,5154.3
2122.24009167181,5063.3
2123.70907359548,5080.1
2125.17708556761,5076.4
2126.64412822428,5160.3
2128.11020220097,5153.2
2129.57530813264,5007.4
2131.03944665369,5002.9
2132.50261839795,4990.8
2133.96482399871,5088.5
2135.42606408871,5238.5
2136.88633930014,5090.3
2138.34565026463,4961.5
2139.80399761326,5029.8
2141.26138197657,5000.7
2142.71780398454,4948.6
2144.17326426662,5035.9
2145.62776345169,5089.6
2147.08130216809,5023.1
2148.53388104362,5068.1
2149.98550070554,5039.1
2151.43616178054,4990.9
2152.88586489479,4937.7
2154.3346106739,5009
2155.78239974295,4967
2157.22923272647,5046.4
2158.67511024844,4923.8
2160.12003293232,4994.6
2161.56400140101,4911.3
2163.00701627687,5022.8
2164.44907818173,5030.1
2165.89018773688,5024
2167.33034556306,4920.2
2168.76955228048,4982.3
2170.20780850882,4985.9
2171.64511486722,5057.7
2173.08147197426,4999.7
2174.51688044802,4909.4
2175.95134090603,5059.7
2177.38485396528,4938.8
2178.81742024222,4985.6
2180.2490403528,4927.8
2181.6797149124,5046
2183.10944453588,5086
2184.53822983759,5006.2
2185.96607143132,5116.1
2187.39296993033,4921.8
2188.81892594738,5287.5
2190.24394009468,4956.3
2191.6680129839,4950.1
2193.0911452262,5063.7
2194.51333743222,4965.7
2195.93459021206,4804.5
2197.35490417529,4883.3
2198.77427993096,4847.8
2200.1927180876,4948.7
2201.6102192532,4933
2203.02678403525,5585.5
2204.4424130407,4949.2
2205.85710687599,5194.6
2207.27086614702,4870.6
2208.68369145918,4852.1
2210.09558341733,4825.3
2211.50654262584,4865
2212.91656968852,5019.7
2214.32566520867,4857.8
2215.73382978911,4792.7
2217.14106403208,4931.6
2218.54736853936,4809.1
2219.95274391217,4931.4
2221.35719075125,4935.1
2222.76070965679,4870.7
2224.16330122848,4905.3
2225.56496606551,4799.4
2226.96570476654,4918
2228.36551792971,4866.6
2229.76440615266,4963.6
2231.16237003252,4883.4
2232.5594101659,4875
2233.9555271489,5037.6
2235.35072157711,4815.6
2236.74499404562,4836.1
2238.13834514899,4753.3
2239.53077548129,4808
2240.92228563607,4949.2
2242.31287620639,4823.7
2243.70254778477,4747.5
2245.09130096326,4858.9
2246.47913633338,4812.9
2247.86605448615,4852
2249.2520560121,4758.8
2250.63714150122,4727.6
2252.02131154304,4761.5
2253.40456672657,4805.1
2254.78690764029,4943.9
2256.16833487222,4709.1
2257.54884900985,4706.2
2258.92845064018,4832.3
2260.30714034971,4776.4
2261.68491872444,4755.3
2263.06178634988,4868.6
2264.437743811,4870.1
2265.81279169233,4835.5
2267.18693057787,4751
2268.56016105112,4848
2269.9324836951,4715.6
2271.30389909231,4709.8
2272.67440782479,4836.1
2274.04401047404,4804.5
2275.41270762112,4794
2276.78049984654,4735
2278.14738773035,4784.6
2279.51337185211,4673.4
2280.87845279088,4941.7
2282.24263112521,4843.6
2283.60590743319,4667.6
2284.9682822924,4924.8
2286.32975627993,4821.7
2287.6903299724,4675.7
2289.05000394591,4849.8
2290.4087787761,4719.9
2291.76665503811,4681.5
2293.12363330658,4677.2
2294.4797141557,4758.5
2295.83489815913,4990.8
2297.18918589007,4668.8
2298.54257792124,4716.4
2299.89507482484,4694.5
2301.24667717264,4620.6
2302.59738553588,4659.3
2303.94720048534,4764.7
2305.29612259131,4627.5
2306.6441524236,4616
2307.99129055153,4624.3
2309.33753754396,4786.9
2310.68289396926,4724
2312.0273603953,4678.4
2313.3709373895,4723.6
2314.71362551879,4697.8
2316.05542534961,4678.8
2317.39633744795,4594.5
2318.73636237929,4781.6
2320.07550070866,4719
2321.4137530006,4817.1
2322.75111981918,4596.5
2324.08760172799,4751.1
2325.42319929014,4724.8
2326.75791306829,4793.9
2328.0917436246,4753.6
2329.42469152077,4683.5
2330.75675731802,4661.3
2332.08794157711,4600.6
2333.41824485832,4676.8
2334.74766772146,4610.6
2336.07621072587,4683.8
2337.40387443041,4702.1
2338.7306593935,4752.1
2340.05656617306,4728
2341.38159532656,4589.3
2342.70574741099,4615.3
2344.02902298288,4623.5
2345.35142259829,4677.2
2346.67294681282,4778.8
2347.9935961816,4709.8
2349.31337125929,4619.7
2350.63227260009,4735.8
2351.95030075773,4630
2353.2674562855,4733.8
2354.58373973619,4805.6
2355.89915166215,4658.1
2357.21369261527,4626.4
2358.52736314696,4885.9
2359.84016380819,4588.7
2361.15209514946,4715.5
2362.46315772081,4754.5
2363.77335207182,4626.3
2365.0826787516,4619.5
2366.39113830882,4604
2367.69873129169,4596
2369.00545824794,4525.7
2370.31131972487,4583.2
2371.61631626932,4632.3
2372.92044842765,4588.5
2374.22371674579,4607.8
2375.52612176921,4513.4
2376.8276640429,4655.7
2378.12834411144,4576.3
2379.42816251893,4574.6
2380.727119809,5141.1
2382.02521652486,4622.1
2383.32245320926,4556.1
2384.61883040449,4734.2
2385.91434865238,4564.9
2387.20900849434,4574.4
2388.5028104713,4613.4
2389.79575512375,4658.8
2391.08784299173,4753.5
2392.37907461484,4538
2393.66945053223,4613.6
2394.95897128258,4649.4
2396.24763740415,4695.6
2397.53544943475,4644.2
2398.82240791172,4699.4
2400.10851337199,4575
2401.39376635201,4566.6
2402.67816738781,4621
2403.96171701497,4615.2
2405.24441576861,4690.8
2406.52626418342,4520.3
2407.80726279365,4570.9
2409.08741213312,4624.4
2410.36671273517,4655.5
2411.64516513272,4676.6
2412.92276985827,4684.3
2414.19952744384,4526
2415.47543842104,4574.9
2416.75050332102,4553.6
2418.02472267451,4475.2
2419.29809701178,4571.6
2420.57062686269,4544
2421.84231275663,4730.1
2423.11315522259,4491.4
2424.38315478908,4488.2
2425.65231198421,4527.5
2426.92062733563,4489.4
2428.18810137058,4553.2
2429.45473461583,4452.3
2430.72052759776,4713.1
2431.98548084227,4754.7
2433.24959487487,4462.7
2434.5128702206,4664
2435.7753074041,4522.8
2437.03690694954,4536.5
2438.2976693807,4536.8
2439.55759522089,4730.7
2440.81668499303,4439.2
2442.07493921958,4603.8
2443.33235842258,4537.9
2444.58894312364,4623.7
2445.84469384394,4576.7
2447.09961110423,4621.7
2448.35369542484,4538.1
2449.60694732567,4700.6
2450.85936732619,4455.4
2452.11095594544,4485.5
2453.36171370205,4517.3
2454.6116411142,4947.5
2455.86073869968,4681.7
2457.10900697582,4514.7
2458.35644645953,4603.2
2459.60305766733,4505
2460.84884111528,4510.8
2462.09379731904,4457.4
2463.33792679383,4476
2464.58123005447,4532.3
2465.82370761533,4416.7
2467.06535999038,4514.1
2468.30618769317,4513.3
2469.54619123683,4558.2
2470.78537113405,4429.8
2472.02372789713,4517.1
2473.26126203794,4496.3
2474.49797406792,4485.4
2475.7338644981,4499.5
2476.96893383911,4469.5
2478.20318260114,4459.1
2479.43661129397,4504.3
2480.66922042697,4576.1
2481.90101050909,4554.2
2483.13198204887,4615.7
2484.36213555443,4462.9
2485.59147153347,4460.1
2486.8199904933,4601.6
2488.04769294079,4408.5
2489.27457938241,4576.3
2490.50065032422,4394.3
2491.72590627186,4586.2
2492.95034773056,4530.5
2494.17397520515,4537.7
2495.39678920004,4487.2
2496.61879021923,4513.3
2497.83997876631,4594.2
2499.06035534448,4429.7
2500.27992045649,4489.2
2501.49867460472,4461.3
2502.71661829113,4481.2
2503.93375201726,4510.3
2505.15007628427,4467
2506.36559159288,4469.7
2507.58029844344,4476.2
2508.79419733586,4474.5
2510.00728876968,4383.5
2511.219573244,4376.2
2512.43105125754,4366.2
2513.6417233086,4420.2
2514.8515898951,4454.3
2516.06065151452,4411.5
2517.26890866398,4345
2518.47636184018,4460.9
2519.68301153939,4486.2
2520.88885825753,4486.4
2522.09390249008,4528
2523.29814473215,4512.8
2524.50158547841,4432.3
2525.70422522316,4511.7
2526.90606446031,4507
2528.10710368334,4303.1
2529.30734338536,4435.1
2530.50678405907,4430.4
2531.70542619676,4381.3
2532.90327029035,4713
2534.10031683134,4428.8
2535.29656631085,4929.8
2536.49201921959,4369.4
2537.68667604789,4459.8
2538.88053728568,4679.7
2540.07360342249,4389.6
2541.26587494746,4385.8
2542.45735234934,4462.1
2543.64803611648,4335.8
2544.83792673683,4369.9
2546.02702469798,4329.8
2547.21533048709,4460.3
2548.40284459094,4323.3
2549.58956749595,4392.1
2550.7754996881,4341
2551.96064165301,4423.2
2553.14499387591,4361.8
2554.32855684163,4350.1
2555.51133103461,4314.1
2556.69331693892,4500.2
2557.87451503822,4386.7
2559.05492581579,4367.2
2560.23454975453,4437.8
2561.41338733695,4450.6
2562.59143904516,4531.6
2563.76870536091,4316
2564.94518676554,4365.2
2566.12088374001,4450.3
2567.29579676491,4581.9
2568.46992632044,4342
2569.6432728864,4416.7
2570.81583694222,4570.1
2571.98761896696,4452.3
2573.15861943926,4382.3
2574.32883883742,4382.9
2575.49827763932,4406.8
2576.6669363225,4437.1
2577.83481536408,4460.7
2579.00191524082,4421.8
2580.1682364291,4446.1
2581.33377940491,4400.1
2582.49854464387,4444.7
2583.66253262121,4518
2584.8257438118,4397.7
2585.98817869011,4425.5
2587.14983773025,4495.7
2588.31072140595,4325.9
2589.47083019056,4385.6
2590.63016455703,4466.2
2591.78872497799,4406.9
2592.94651192563,4444.5
2594.10352587182,4352.4
2595.25976728801,4363.5
2596.4152366453,4419.1
2597.56993441443,4461.5
2598.72386106573,4408.1
2599.87701706917,4445.4
2601.02940289437,4348.7
2602.18101901056,4384.7
2603.33186588657,4364.6
2604.48194399092,4436.2
2605.6312537917,4422.5
2606.77979575666,4371.4
2607.92757035318,4433.6
2609.07457804825,4424.7
2610.22081930852,4342.1
2611.36629460024,4416.8
2612.51100438931,4634.5
2613.65494914126,4464.2
2614.79812932124,4311.7
2615.94054539405,4386.7
2617.0821978241,4479.7
2618.22308707546,4310.1
2619.36321361181,4333.3
2620.50257789648,4414
2621.64118039243,4595.8
2622.77902156224,4325.8
2623.91610186815,4435.8
2625.05242177202,4309.9
2626.18798173534,4325.3
2627.32278221925,4314.4
2628.45682368453,4520.6
2629.59010659158,4377
2630.72263140045,4310.1
2631.85439857082,4372.7
2632.98540856201,4363
2634.11566183298,4407.8
2635.24515884234,4492.7
2636.37390004831,4498.9
2637.50188590878,4377.3
2638.62911688127,4338
2639.75559342293,4331.3
2640.88131599056,4454.1
2642.00628504061,4489.1
2643.13050102916,4336.7
2644.25396441192,4339.6
2645.37667564427,4295.2
2646.49863518122,4406.5
2647.61984347742,4375.7
2648.74030098716,4328.4
2649.86000816438,4444.5
2650.97896546267,4411.4
2652.09717333526,4438.5
2653.21463223502,4316.8
2654.33134261447,4426.6
2655.44730492577,4349.4
2656.56251962074,4341.6
2657.67698715083,4372.2
2658.79070796714,4426.4
2659.90368252043,4467.3
2661.01591126111,4379.2
2662.12739463921,4375.7
2663.23813310443,4337.8
2664.34812710612,4295.9
2665.45737709326,4359.1
2666.56588351451,4340
2667.67364681816,4406.6
2668.78066745215,4359.6
2669.88694586407,4369.1
2670.99248250117,4322.2
2672.09727781035,4406.2
2673.20133223816,4434
2674.30464623079,4319.3
2675.4072202341,4357.9
2676.50905469359,4322
2677.61015005443,4473.4
2678.71050676143,4312.5
2679.81012525905,4379.6
2680.90900599142,4307.6
2682.00714940231,4369.3
2683.10455593516,4296.7
2684.20122603304,4549.8
2685.2971601387,4342.9
2686.39235869455,4357.2
2687.48682214263,4305.8
2688.58055092467,4446
2689.67354548202,4336.2
2690.76580625571,4288.5
2691.85733368644,4485.3
2692.94812821454,4272
2694.03819028001,4356.2
2695.12752032253,4398.1
2696.2161187814,4383.6
2697.30398609562,4284
2698.39112270381,4532.7
2699.47752904429,4271.9
2700.56320555501,4298.3
2701.64815267361,4569.2
2702.73237083736,4333.7
2703.81586048321,4436.3
2704.89862204777,4484.9
2705.98065596731,4345.9
2707.06196267778,4358.2
2708.14254261476,4309.2
2709.22239621353,4271.9
2710.30152390901,4626.9
2711.37992613579,4420
2712.45760332813,4366
2713.53455591995,4285.7
2714.61078434483,4429.4
2715.68628903604,4330.7
2716.76107042648,4370.6
2717.83512894876,4250.9
2718.90846503511,4381.5
2719.98107911746,4369.9
2721.0529716274,4322.4
2722.12414299619,4242.9
2723.19459365474,4318.6
2724.26432403366,4273.6
2725.33333456321,4326.9
2726.40162567331,4357
2727.46919779358,4332.4
2728.53605135328,4382.2
2729.60218678135,4369.8
2730.66760450641,4344.8
2731.73230495675,4290.3
2732.79628856031,4399.9
2733.85955574474,4275.3
2734.92210693733,4443.8
2735.98394256504,4302.5
2737.04506305454,4253.9
2738.10546883214,4472.1
2739.16516032382,4252.5
2740.22413795527,4324.4
2741.28240215182,4320.8
2742.33995333848,4240.7
2743.39679193995,4523.2
2744.4529183806,4279.9
2745.50833308446,4265.4
2746.56303647526,4412.8
2747.61702897639,4325.5
2748.67031101092,4291.7
2749.72288300161,4397.1
2750.77474537086,4287.6
2751.8258985408,4269.3
2752.87634293321,4408
2753.92607896954,4433.1
2754.97510707093,4345.6
2756.0234276582,4384.3
2757.07104115186,4425.7
2758.11794797207,4263.8
2759.16414853869,4569
2760.20964327128,4320.7
2761.25443258903,4379.4
2762.29851691086,4232.7
2763.34189665535,4296.2
2764.38457224076,4266
2765.42654408503,4260.5
2766.4678126058,4403.9
2767.50837822038,4366.2
2768.54824134576,4300.6
2769.58740239862,4258.5
2770.62586179532,4275.2
2771.66361995191,4400.3
2772.70067728412,4348.3
2773.73703420737,4273.9
2774.77269113675,4400.9
2775.80764848706,4365.2
2776.84190667276,4339.2
2777.87546610801,4243.9
2778.90832720667,4247.9
2779.94049038226,4248.3
2780.971956048,4267.7
2782.0027246168,4414.8
2783.03279650124,4304.6
2784.06217211363,4229.3
2785.09085186592,4327.9
2786.11883616978,4624.6
2787.14612543656,4261.6
2788.17272007729,4277.6
2789.19862050271,4363.8
2790.22382712323,4271.4
2791.24834034896,4388.3
2792.27216058971,4273.8
2793.29528825495,4268.2
2794.3177237539,4349.4
2795.3394674954,4284.3
2796.36051988803,4431.7
2797.38088134004,4323.2
2798.4005522594,4289
2799.41953305375,4403.2
2800.43782413042,4359.6
2801.45542589644,4333.7
2802.47233875855,4241.4
2803.48856312316,4263.6
2804.5040993964,4247.3
2805.51894798406,4457.9
2806.53310929165,4320.2
2807.54658372439,4376
2808.55937168716,4322.8
2809.57147358456,4345.3
2810.58288982088,4321.8
2811.59362080011,4309.5
2812.60366692593,4347.3
2813.61302860172,4331.9
2814.62170623058,4281.1
2815.62970021526,4283.1
2816.63701095825,4506.5
2817.64363886173,4268.5
2818.64958432758,4347.9
2819.65484775736,4272.5
2820.65942955235,4435.2
2821.66333011353,4558.1
2822.66654984158,4269.5
2823.66908913686,4381.3
2824.67094839945,4270.1
2825.67212802914,4492.2
2826.67262842541,4481.6
2827.67244998743,4238.7
2828.67159311408,4277.3
2829.67005820398,4343.1
2830.66784565538,4331.3
2831.6649558663,4302.9
2832.66138923443,4280.8
2833.65714615717,4302.9
2834.65222703163,4264.1
2835.64663225461,4446.8
2836.64036222264,4391.1
2837.63341733192,4261.6
2838.62579797839,4397.4
2839.61750455768,4257.9
2840.60853746513,4413.1
2841.59889709577,4345
2842.58858384436,4335.2
2843.57759810536,4326.8
2844.56594027293,4298.9
2845.55361074095,4424.2
2846.54060990299,4412.5
2847.52693815234,4266.2
2848.512595882,4287.9
2849.49758348468,4680.5
2850.48190135279,4525.6
2851.46554987847,4283.6
2852.44852945352,4378.7
2853.43084046952,4270.6
2854.41248331771,4441.1
2855.39345838905,4274
2856.37376607423,4246.8
2857.35340676363,4261.4
2858.33238084735,4420.6
2859.31068871521,4890.9
2860.28833075672,4265
2861.26530736113,4286.1
2862.24161891738,4371.3
2863.21726581414,4286
2864.19224843978,4462.7
2865.16656718238,4273.8
2866.14022242977,4308.8
2867.11321456945,4485.7
2868.08554398865,4358.7
2869.05721107432,4377.2
2870.02821621314,4264.8
2870.99855979146,4340.9
2871.96824219539,4471.7
2872.93726381075,4390.5
2873.90562502304,4322.6
2874.87332621753,4418.6
2875.84036777917,4394.2
2876.80675009264,4417.4
2877.77247354232,4269.4
2878.73753851235,4399.9
2879.70194538654,4246.5
2880.66569454845,4398.9
2881.62878638135,4328.4
2882.59122126822,4262.4
2883.55299959178,4357.7
2884.51412173445,4339
2885.47458807837,4314
2886.43439900542,4443.8
2887.39355489719,4305.7
2888.35205613497,4371.4
2889.30990309981,4356.4
2890.26709617245,4349.2
2891.22363573337,4359.3
2892.17952216276,4564.2
2893.13475584054,4328.1
2894.08933714635,4302.3
2895.04326645956,4306.8
2895.99654415924,4351.3
2896.94917062422,4427
2897.90114623302,4319.8
2898.85247136391,4330.9
2899.80314639486,4543
2900.75317170358,4446.3
2901.7025476675,4342.4
2902.65127466379,4323.5
2903.59935306932,4312.9
2904.5467832607,4267.9
2905.49356561427,4240.4
2906.43970050608,4740.5
2907.38518831193,4273
2908.33002940733,4294.8
2909.27422416753,4285
2910.21777296748,4483.4
2911.1606761819,4285.6
2912.10293418519,4390.3
2913.04454735153,4426.7
2913.98551605479,4354.3
2914.92584066858,4413.2
2915.86552156624,4287.1
2916.80455912084,4271.2
2917.7429537052,4310.3
2918.68070569182,4260
2919.61781545298,4443.5
2920.55428336066,4330.6
2921.49010978659,4301.4
2922.42529510222,4254
2923.35983967874,4393.1
2924.29374388706,4369.1
2925.22700809783,4272.4
2926.15963268144,4332.5
2927.09161800799,4455.9
2928.02296444734,4575.7
2928.95367236907,4359.6
2929.88374214247,4422.4
2930.81317413662,4364.3
2931.74196872028,4297.8
2932.67012626197,4337.2
2933.59764712995,4329
2934.52453169219,4545.3
2935.45078031643,4298.8
2936.3763933701,4376.2
2937.30137122041,4417.6
2938.22571423428,4435.3
2939.14942277838,4418.6
2940.0724972191,4370.3
2940.99493792259,4411.6
2941.91674525472,4356.3
2942.83791958109,4454.5
2943.75846126707,4287.1
2944.67837067772,4418.8
2945.59764817789,4316.9
2946.51629413214,4294.1
2947.43430890476,4350.1
2948.35169285981,4340.3
2949.26844636105,4501
2950.18456977201,4421.3
2951.10006345595,4394.7
2952.01492777588,4417.6
2952.92916309452,4422
2953.84276977437,4282.4
2954.75574817765,4293.4
2955.66809866631,4293.9
2956.57982160207,4374.4
2957.49091734637,4303.4
2958.4013862604,4306.1
2959.3112287051,4351.5
2960.22044504112,4296.5
2961.1290356289,4345.3
2962.03700082859,4339.8
2962.94434100009,4311
2963.85105650305,4292.5
2964.75714769686,4422.6
2965.66261494066,4300.7
2966.56745859333,4440.7
2967.47167901348,4400.7
2968.37527655949,4392
2969.27825158947,4324.2
2970.18060446128,4341.3
2971.08233553253,4419
2971.98344516056,4349.5
2972.88393370248,4374.6
2973.78380151513,4368.9
2974.6830489551,4428
2975.58167637872,4317.4
2976.4796841421,4377.1
2977.37707260105,4304.5
2978.27384211115,4333.5
2979.16999302775,4417.4
2980.0655257059,4398.3
2980.96044050045,4383.6
2981.85473776597,4380.1
2982.74841785678,4327.4
2983.64148112695,4327.6
2984.53392793031,4426.4
2985.42575862043,4433.5
2986.31697355064,4796.2
2987.20757307401,4335.6
2988.09755754336,4324.5
2988.98692731128,4456.8
2989.87568273009,4332.7
2990.76382415187,4415
2991.65135192845,4348.2
2992.5382664114,4471.3
2993.42456795208,4327.5
2994.31025690157,4372.9
2995.1953336107,4330.4
2996.07979843008,4443.7
2996.96365171004,4326.9
2997.8468938007,4549
2998.7295250519,4443.2
2999.61154581325,4330.1
3000.49295643412,4398.8
3001.37375726363,4500.9
3002.25394865064,4429
3003.1335309438,4355.4
3004.01250449147,4496.9
3004.89086964181,4369
3005.7686267427,4348.5
3006.6457761418,4318.2
3007.52231818652,4372.6
3008.39825322402,4331
3009.27358160121,4382.7
3010.14830366479,4385.1
3011.02241976119,4522.6
3011.8959302366,4382.4
3012.76883543697,4488.4
3013.64113570802,4593.8
3014.51283139522,4384.2
3015.38392284378,4332.1
3016.2544103987,4324
3017.12429440472,4312.2
3017.99357520636,4527.5
3018.86225314786,4351.3
3019.73032857327,4465.4
3020.59780182637,4430.6
3021.46467325069,4322.8
3022.33094318955,4399.1
3023.19661198602,4395.4
3024.06167998292,4335.9
3024.92614752285,4352.1
3025.79001494815,4363.9
3026.65328260095,4441.6
3027.51595082311,4462.8
3028.37801995628,4398.2
3029.23949034186,4457.8
3030.10036232101,4307.2
3030.96063623467,4414.6
3031.82031242351,4336.4
3032.67939122801,4408.7
3033.53787298837,4354.3
3034.39575804458,4378.5
3035.25304673639,4362.2
3036.10973940332,4411.9
3036.96583638463,4454
3037.82133801938,4418.4
3038.67624464637,4353.5
3039.53055660417,4529.4
3040.38427423113,4454.7
3041.23739786534,4414.4
3042.08992784469,4459.8
3042.94186450682,4531
3043.79320818913,4324.9
3044.64395922879,4348.4
3045.49411796274,4297.7
3046.3436847277,4419
3047.19265986013,4427.5
3048.04104369629,4479
3048.88883657219,4445
3049.7360388236,4358.5
3050.58265078609,4353.9
3051.42867279497,4356.7
3052.27410518532,4360.5
3053.11894829201,4503.9
3053.96320244967,4412.8
3054.80686799269,4349
3055.64994525524,4416.7
3056.49243457127,4382.1
3057.33433627448,4351.3
3058.17565069835,4364.9
3059.01637817615,4448.5
3059.85651904088,4377.7
3060.69607362535,4419.6
3061.53504226213,4393.3
3062.37342528355,4610.6
3063.21122302173,4350.7
3064.04843580856,4679.2
3064.88506397569,4493.1
3065.72110785455,4452.2
3066.55656777635,4390.1
3067.39144407207,4389
3068.22573707246,4484.5
3069.05944710805,4411.6
3069.89257450913,4425.4
3070.72511960579,4428.5
3071.55708272787,4398.3
3072.38846420501,4385.7
3073.21926436659,4908.7
3074.0494835418,4493.3
3074.8791220596,4361.3
3075.7081802487,4502.7
3076.53665843761,4493.1
3077.36455695462,4485.5
3078.19187612778,4372.4
3079.01861628493,4337.3
3079.84477775367,4389.7
3080.67036086141,4337.7
3081.4953659353,4466.8
3082.31979330229,4426.8
3083.1436432891,4425.7
3083.96691622224,4447.1
3084.78961242798,4401.2
3085.61173223239,4506.8
3086.4332759613,4423.9
3087.25424394033,4511.3
3088.07463649487,4393.3
3088.8944539501,4399.4
3089.71369663099,4401
3090.53236486226,4483
3091.35045896843,4403.9
3092.16797927381,4407.3
3092.98492610245,4446.2
3093.80129977824,4406.7
3094.61710062482,4469.4
3095.43232896559,4468.7
3096.24698512376,4466.8
3097.06106942234,4511.9
3097.87458218407,4462.3
3098.68752373152,4421.6
3099.49989438701,4577.9
3100.31169447268,4526.4
3101.1229243104,4380
3101.93358422187,4522.6
3102.74367452856,4546.6
3103.55319555172,4397.6
3104.36214761238,4489.7
3105.17053103136,4683.7
3105.97834612926,4763.1
3106.78559322648,4412.8
3107.59227264318,4486
3108.39838469933,4416.1
3109.20392971467,4422
3110.00890800873,4482.3
3110.81331990084,4458.4
3111.61716571007,4554.4
3112.42044575534,4531.1
3113.22316035531,4414.5
3114.02530982844,4436.2
3114.82689449298,4885.4
3115.62791466697,4454.4
3116.42837066823,4450
3117.22826281438,4449.8
3118.02759142281,4432.4
3118.8263568107,4483.4
3119.62455929504,4438.5
3120.42219919259,4504.1
3121.2192768199,4439.4
3122.01579249331,4489.2
3122.81174652895,4407.9
3123.60713924275,4479.8
3124.40197095041,4567
3125.19624196743,4499.6
3125.98995260911,4551.9
3126.78310319052,4439
3127.57569402653,4429.5
3128.36772543181,4463.9
3129.15919772081,4533.7
3129.95011120777,4437.5
3130.74046620673,4522.1
3131.53026303151,4472.2
3132.31950199574,4437.2
3133.10818341282,4434.2
3133.89630759595,4445.1
3134.68387485814,4483.8
3135.47088551217,4481.2
3136.25733987062,4495
3137.04323824587,4567.1
3137.82858095008,4518.9
3138.61336829522,4453.1
3139.39760059303,4453.9
3140.18127815508,4548.8
3140.9644012927,4487.3
3141.74697031702,4463.1
3142.528985539,4503.7
3143.31044726934,4448.5
3144.09135581858,4512.8
3144.87171149702,4560.4
3145.6515146148,4416
3146.4307654818,4495
3147.20946440774,4532.3
3147.98761170212,4502.8
3148.76520767424,4441.3
3149.54225263319,4417.3
3150.31874688787,4542.5
3151.09469074695,4462
3151.87008451893,4475.5
3152.64492851208,4613.9
3153.41922303449,4504.4
3154.19296839404,4488.1
3154.96616489841,4567.1
3155.73881285506,4444
3156.51091257127,4517.6
3157.28246435411,4532.8
3158.05346851045,4595.5
3158.82392534697,4661.6
3159.59383517013,4505.3
3160.3631982862,4538.4
3161.13201500125,4488.4
3161.90028562115,4534.2
3162.66801045156,4540.7
3163.43518979796,4634.7
3164.20182396561,4485.7
3164.96791325959,4454.9
3165.73345798477,4486.1
3166.49845844582,4663.6
3167.26291494721,4496.1
3168.02682779322,4541.1
3168.79019728793,4512.3
3169.55302373522,4602.5
3170.31530743876,4562.7
3171.07704870205,4477.6
3171.83824782837,4641.7
3172.59890512081,4506.1
3173.35902088227,4594
3174.11859541544,4504.6
3174.87762902282,4571.9
3175.63612200671,4502
3176.39407466922,4481.8
3177.15148731227,4512.7
3177.90836023757,4508.7
3178.66469374665,4557.3
3179.42048814081,4585.8
3180.17574372121,4560.1
3180.93046078877,4529.6
3181.68463964423,4588.7
3182.43828058814,4515
3183.19138392085,4496.6
3183.94394994252,4584.5
3184.69597895312,4513.3
3185.44747125241,4533.4
3186.19842713997,4482.4
3186.94884691519,4512.2
3187.69873087726,4531.8
3188.44807932517,4569.1
3189.19689255774,4612.7
3189.94517087357,4609
3190.69291457108,4551.6
3191.44012394851,4662.3
3192.18679930389,4571.8
3192.93294093507,4537
3193.6785491397,4518.6
3194.42362421525,4543.4
3195.16816645899,4726.9
3195.91217616799,4579.6
3196.65565363915,4580.7
3197.39859916917,4550.9
3198.14101305456,4614.4
3198.88289559164,4538.7
3199.62424707654,4582.8
3200.3650678052,4513.7
3201.10535807337,4617.3
3201.84511817661,4557.5
3202.58434841031,4545.5
3203.32304906963,4509.4
3204.06122044958,4566.9
3204.79886284496,4576.7
3205.5359765504,4544.1
3206.27256186032,4554.2
3207.00861906897,4576.3
3207.7441484704,4554.2
3208.47915035848,4550.7
3209.21362502689,4545.7
3209.94757276913,4717.5
3210.6809938785,4570
3211.41388864813,4539.1
3212.14625737094,4642.2
3212.87810033969,4606.1
3213.60941784694,4558.2
3214.34021018506,4631.9
3215.07047764624,4652.7
3215.80022052249,4553.1
3216.52943910563,4657.7
3217.25813368729,4549.9
3217.98630455892,4602
3218.71395201179,4543.2
3219.44107633698,4582.4
3220.16767782538,4641.4
3220.8937567677,4658.4
3221.61931345448,4571.4
3222.34434817605,4569.6
3223.06886122258,4562
3223.79285288406,4549.6
3224.51632345025,4535.9
3225.2392732108,4577.6
3225.96170245511,4638.5
3226.68361147244,4635.1
3227.40500055185,4648.7
3228.12586998223,4582.8
3228.84622005226,4579.5
3229.56605105048,4575.9
3230.28536326521,4624.5
3231.00415698462,4585.8
3231.72243249666,4626.7
3232.44019008915,4574.3
3233.15743004968,4625.4
3233.8741526657,5003.1
3234.59035822445,4541.6
